{"cameraMode":{"drawMode":0,"name":"Shaded","section":"Shading Mode"},"sceneLighting":true,"audioPlay":false,"sceneViewState":{"m_AlwaysRefresh":false,"showFog":true,"showSkybox":true,"showFlares":true,"showImageEffects":true,"showParticleSystems":true,"showVisualEffectGraphs":true,"m_FxEnabled":true},"in2DMode":false,"pivot":{"x":12.288487434387207,"y":-4.710670471191406,"z":45.18864440917969},"rotation":{"x":0.14053192734718324,"y":0.0044553242623806,"z":-0.0006324082496576011,"w":0.9900664687156677},"size":42.5029411315918,"orthographic":false}