{"cameraMode":{"drawMode":0,"name":"Shaded","section":"Shading Mode"},"sceneLighting":true,"audioPlay":false,"sceneViewState":{"m_AlwaysRefresh":false,"showFog":true,"showSkybox":true,"showFlares":true,"showImageEffects":true,"showParticleSystems":true,"showVisualEffectGraphs":true,"m_FxEnabled":true},"in2DMode":false,"pivot":{"x":0.13991445302963258,"y":5.976402282714844,"z":-12.476339340209961},"rotation":{"x":0.15092115104198457,"y":0.0005952718784101307,"z":-0.0000908107467694208,"w":0.9885470271110535},"size":3.317333459854126,"orthographic":false}